{
  "id": "",
  "name": "",
  "font_family": "iconfont",
  "css_prefix_text": "icon-",
  "description": "",
  "glyphs": [
    {
      "icon_id": "688339",
      "name": "iconfont-wo",
      "font_class": "iconfontwo",
      "unicode": "e604",
      "unicode_decimal": 58884
    },
    {
      "icon_id": "2485167",
      "name": "menu",
      "font_class": "menu",
      "unicode": "e61f",
      "unicode_decimal": 58911
    },
    {
      "icon_id": "6253875",
      "name": "iconfont icon-dingwe",
      "font_class": "iconfonticon-dingwe",
      "unicode": "e636",
      "unicode_decimal": 58934
    },
    {
      "icon_id": "6654507",
      "name": "card-hero",
      "font_class": "card-hero",
      "unicode": "e620",
      "unicode_decimal": 58912
    },
    {
      "icon_id": "12225062",
      "name": "menu file",
      "font_class": "menufile",
      "unicode": "e613",
      "unicode_decimal": 58899
    }
  ]
}
